source,target,user_prob,root_prob
192.168.95.55,192.168.53.87,0.018993333333333334,0.007035
192.168.95.55,192.168.255.215,0.0215375,0
192.168.95.55,192.168.244.49,0.0215225,0
192.168.95.55,192.168.94.124,0.15289999999999998,0.01501
192.168.95.55,192.168.237.41,0.003926666666666668,0.00074
192.168.95.55,192.168.180.223,0.01551,0
192.168.95.55,192.168.101.85,0.01549625,0.00043000000000000004
192.168.95.55,192.168.151.18,0.019090000000000003,0
192.168.95.55,192.168.41.101,0.010472,0
192.168.95.55,192.168.168.65,0.00791857142857143,0.0032499999999999994
192.168.95.55,192.168.122.82,0.022446,0.00044
192.168.95.55,192.168.22.73,0.008285555555555555,0.00042
192.168.95.55,192.168.239.247,0.008752857142857142,0
192.168.95.55,192.168.219.147,0.00343,0.00042
192.168.95.55,192.168.94.39,0.04254333333333333,0
192.168.95.55,192.168.77.133,0.012806000000000001,0.01165
192.168.41.101,192.168.24.212,0.03699,0.34926666666666667
192.168.41.101,192.168.186.234,0.00795,0
192.168.41.101,192.168.9.89,0.006396000000000001,0
192.168.41.101,192.168.244.49,0.15302666666666664,0
192.168.41.101,192.168.94.124,0.00221,0.00065
192.168.41.101,192.168.1.1,0.0032575,0.00042
192.168.41.101,192.168.255.215,0.03572,0
192.168.41.101,192.168.221.98,0.009265,0
192.168.41.101,192.168.237.18,0.016045,0.00042
192.168.41.101,192.168.239.247,0.00369,0
192.168.41.101,192.168.219.147,0,0.00042
192.168.41.101,192.168.148.76,0.00045,0.00192
192.168.41.101,192.168.22.73,0.012060000000000001,0
192.168.41.101,192.168.117.12,0.018432499999999997,0
192.168.41.101,192.168.255.200,0.023627142857142857,0.04966
192.168.175.123,192.168.102.230,0.005798571428571429,0.004645
192.168.175.123,192.168.186.234,0.02003,0
192.168.175.123,192.168.24.212,0.03503714285714286,0.00471
192.168.94.39,192.168.148.203,0,0.016925000000000003
192.168.94.39,192.168.70.205,0.2470875,0
192.168.94.39,192.168.245.52,0.039062857142857135,0.00042
192.168.94.39,192.168.239.247,0.023295,0.00042
192.168.94.39,192.168.150.238,0.205055,0
192.168.94.39,192.168.237.41,0.13080375,0.00044
192.168.94.39,192.168.244.49,0.02128,0.015
192.168.94.39,192.168.91.236,0.004430000000000001,0.00836
192.168.94.39,192.168.117.12,0.03419,0.00042
192.168.94.39,192.168.237.18,0.023579999999999997,0
192.168.94.39,192.168.22.73,0.025233333333333333,0.06055000000000001
192.168.94.39,192.168.77.133,0.3359666666666667,0
192.168.94.39,192.168.186.234,0.0054875,0.01311
192.168.94.39,192.168.148.76,0.02202,0.00058
192.168.94.39,192.168.62.221,0.0177325,0.008199999999999999
192.168.94.39,192.168.106.106,0.00297,0
192.168.94.39,192.168.102.230,0.010825,0.00042
192.168.94.39,192.168.41.101,0.01366,0.00281
192.168.94.39,192.168.1.130,0.000505,0
192.168.94.39,192.168.175.123,0.007956666666666666,0.00887
192.168.94.39,192.168.115.132,0.007671666666666666,0.00042
192.168.94.39,192.168.42.124,0.013339,0
192.168.94.39,192.168.24.212,0.16372166666666668,0.00887
192.168.94.39,192.168.221.98,0.021019999999999997,0.000535
192.168.94.39,192.168.151.163,0.022005,0.00043
192.168.94.39,192.168.168.65,0.00668,0
192.168.94.39,192.168.95.55,0.00994,0
192.168.94.39,192.168.151.18,0.00143,0
192.168.94.39,192.168.94.124,0.10067888888888889,0
192.168.94.39,192.168.55.111,0.04888285714285714,0.0046633333333333336
192.168.94.39,192.168.180.223,0.004775000000000001,0
192.168.94.39,192.168.11.108,0.040954000000000004,0.00612
192.168.94.39,192.168.176.32,0.05101333333333333,0.00327
192.168.94.39,192.168.9.89,0.019614999999999997,0
192.168.94.39,192.168.172.183,0.019375,0.01501
192.168.94.39,192.168.101.85,0.011130000000000001,0.00042
192.168.115.132,192.168.77.133,0.005455714285714286,0
192.168.115.132,192.168.255.215,0.96051,0.01165
192.168.115.132,192.168.62.221,0.0055075,0.00042
192.168.115.132,192.168.221.98,0.009265,0
192.168.115.132,192.168.239.247,0.47601,0
192.168.115.132,192.168.255.200,0.00343,0
192.168.115.132,192.168.102.230,0.006175,0.0005333333333333334
192.168.115.132,192.168.245.52,0.005052,0
192.168.115.132,192.168.95.55,0.0031320000000000002,0
192.168.115.132,192.168.94.39,0.02715625,0.00281
192.168.115.132,192.168.106.106,0.001035,0
192.168.115.132,192.168.53.87,0.12881375,0.00042
192.168.115.132,192.168.101.85,0.04076,0
192.168.115.132,192.168.28.22,0.02740333333333333,0.00042
192.168.115.132,192.168.237.41,0.007402000000000001,0.01596
192.168.115.132,192.168.1.130,0.004344999999999999,0
192.168.115.132,192.168.151.163,0.07051,0
192.168.115.132,192.168.195.179,0.0156625,0.015
192.168.115.132,192.168.207.225,0.02412,0
192.168.115.132,192.168.1.1,0.01718,0
192.168.115.132,192.168.176.32,0.006695,0
192.168.115.132,192.168.9.89,0.0112,0
192.168.115.132,192.168.19.155,0.03182666666666667,0
192.168.115.132,192.168.175.123,0.019942,0.00044
192.168.115.132,192.168.122.82,0.028433999999999997,0
192.168.115.132,192.168.94.124,0.010003333333333333,0
192.168.115.132,192.168.22.73,0.037436,0.02452
192.168.101.85,192.168.70.205,0.05911666666666666,0
192.168.101.85,192.168.11.108,0.013833333333333335,0
192.168.101.85,192.168.237.18,0.018255,0.00044
192.168.101.85,192.168.148.76,0.01598,0
192.168.101.85,192.168.176.32,0.00948,0
192.168.101.85,192.168.7.228,0.0012725,0
192.168.221.98,192.168.94.39,0.00644,0
192.168.221.98,192.168.255.200,0.29134,0.054945
192.168.221.98,192.168.1.1,0.0014416666666666666,0.00042
192.168.221.98,192.168.70.205,0.012703999999999998,0.00061
192.168.221.98,192.168.244.49,0.0138,0
192.168.221.98,192.168.133.78,0.21996333333333332,0
192.168.221.98,192.168.115.132,0.0016,0
192.168.221.98,192.168.9.89,0.007295,0
192.168.221.98,192.168.42.124,0.00289,0
192.168.221.98,192.168.172.183,0.011272500000000001,0
192.168.221.98,192.168.219.147,0.004956666666666667,0.016925000000000003
192.168.221.98,192.168.1.130,0.0023620000000000004,0.00074
192.168.221.98,192.168.150.238,0.12808250000000002,0.00042
192.168.221.98,192.168.91.236,0.010603333333333334,0.019556666666666667
192.168.221.98,192.168.237.41,0.0023480000000000003,0.00887
192.168.221.98,192.168.106.106,0.00042,0
192.168.221.98,192.168.195.179,0.008148333333333332,0
192.168.221.98,192.168.151.18,0.04198875,0
192.168.221.98,192.168.122.82,0.008498571428571428,0.00065
192.168.221.98,192.168.95.55,0.01846,0
192.168.221.98,192.168.237.18,0.011167499999999999,0.01165
192.168.221.98,192.168.22.73,0.14974333333333334,0
192.168.221.98,192.168.148.203,0.011883333333333334,0
192.168.221.98,192.168.102.230,0.028804999999999997,0
192.168.221.98,192.168.175.123,0.0063159999999999996,0
192.168.221.98,192.168.180.223,0.02593,0.004719999999999999
192.168.221.98,192.168.117.12,0.05007999999999999,0.0028599999999999997
192.168.221.98,192.168.77.133,0.105806,0
192.168.221.98,192.168.7.228,0.011611666666666666,0.00042
192.168.221.98,192.168.24.212,0.00221,0.46929000000000004
192.168.221.98,192.168.53.87,0.010964,0.00065
192.168.70.205,192.168.11.108,0.006826666666666666,0.01311
192.168.70.205,192.168.221.98,0.01838666666666667,0
192.168.70.205,192.168.133.78,0.0012699999999999999,0
192.168.70.205,192.168.91.236,0.32230333333333333,0.00042
192.168.70.205,192.168.237.18,0.06918285714285714,0.00042
192.168.70.205,192.168.62.221,0.004727500000000001,0
192.168.70.205,192.168.148.76,0.01770625,0.00042
192.168.70.205,192.168.95.55,0.02013,0
192.168.70.205,192.168.237.41,0.006536666666666666,0.00044
192.168.70.205,192.168.42.250,0.029265,0.01501
192.168.70.205,192.168.1.130,0.013736666666666668,0.00771
192.168.70.205,192.168.244.49,0.11215444444444445,0.00507
192.168.70.205,192.168.186.234,0.039803333333333336,0
192.168.70.205,192.168.207.225,0.01364142857142857,0.00612
192.168.172.183,192.168.24.212,0.022767142857142857,0.01976
192.168.172.183,192.168.94.124,0.12664857142857142,0.0006299999999999999
192.168.172.183,192.168.255.200,0.04426000000000001,0
192.168.239.247,192.168.151.18,0.0266425,0
192.168.239.247,192.168.186.234,0.09243,0
192.168.239.247,192.168.151.163,0.02889,0.00061
192.168.239.247,192.168.180.223,0.023502000000000002,0
192.168.239.247,192.168.77.133,0.00959625,0.00781
192.168.239.247,192.168.55.111,0.0262825,0.00065
192.168.239.247,192.168.1.1,0.005605,0
192.168.239.247,192.168.91.236,0.009948,0
192.168.239.247,192.168.11.108,0.018753333333333334,0.01311
192.168.239.247,192.168.42.124,0.08038374999999999,0
192.168.239.247,192.168.133.78,0.005224444444444445,0
192.168.239.247,192.168.28.22,0.005633333333333333,0
192.168.239.247,192.168.53.87,0.27308,0.00043
192.168.239.247,192.168.94.124,0.010682500000000001,0.02452
192.168.239.247,192.168.95.55,0.004163333333333333,0
192.168.117.12,192.168.237.18,0.02925,0
192.168.117.12,192.168.180.223,0.006354,0
192.168.117.12,192.168.237.41,0.026090000000000002,0.054945
192.168.117.12,192.168.115.132,0.007035555555555555,0.00042
192.168.117.12,192.168.91.236,0.018047999999999998,0
192.168.117.12,192.168.77.133,0.00084,0
192.168.117.12,192.168.186.234,0.013633999999999999,0.00042
192.168.117.12,192.168.168.65,0.018104000000000002,0.04479666666666667
192.168.117.12,192.168.55.111,0.009323333333333333,0
192.168.117.12,192.168.7.228,0.0033,0
192.168.117.12,192.168.28.22,0.015538000000000001,0.469175
192.168.117.12,192.168.150.238,0.014835000000000001,0.00044
192.168.117.12,192.168.62.221,0.015596000000000002,0.00044
192.168.117.12,192.168.176.32,0.007821428571428571,0.00042
192.168.117.12,192.168.239.247,0.01811,0.47340000000000004
192.168.117.12,192.168.11.108,0.022786000000000004,0
192.168.117.12,192.168.1.1,0.003902,0.00796
192.168.117.12,192.168.42.250,0.001395,0
192.168.117.12,192.168.255.215,0.24037499999999998,0
192.168.117.12,192.168.94.39,0.021235,0.03341
192.168.117.12,192.168.106.106,0.1348842857142857,0.006765
192.168.117.12,192.168.133.78,0.10850333333333333,0
192.168.117.12,192.168.94.124,0.01888833333333333,0
192.168.117.12,192.168.122.82,0.0167575,0
192.168.117.12,192.168.41.101,0.0068225000000000004,0
192.168.117.12,192.168.195.179,0.015243333333333334,0.00044
192.168.117.12,192.168.148.76,0.01593285714285714,0.01247
192.168.117.12,192.168.101.85,0.034765000000000004,0
192.168.117.12,192.168.244.49,0.07816833333333333,0
192.168.117.12,192.168.207.225,0.11216666666666668,0
192.168.117.12,192.168.175.123,0.009533000000000002,0
192.168.117.12,192.168.151.163,0.0158925,0
192.168.117.12,192.168.1.130,0.0018959999999999997,0.00043
192.168.117.12,192.168.19.155,0.03166,0.00042
192.168.117.12,192.168.9.89,0.0023716666666666665,0.10945
192.168.117.12,192.168.42.124,0.0017766666666666666,0.00887
192.168.117.12,192.168.102.230,0.029714999999999995,0.01014
192.168.117.12,192.168.70.205,0.011783333333333333,0.00783
192.168.117.12,192.168.24.212,0.014104,0.01311
192.168.117.12,192.168.219.147,0.010945000000000002,0.00887
192.168.151.163,192.168.245.52,0.01754142857142857,0.00061
192.168.151.163,192.168.148.203,0.005977777777777778,0
192.168.151.163,192.168.255.200,0.0007733333333333333,0
192.168.151.163,192.168.9.89,0.012334000000000001,0
192.168.151.163,192.168.1.1,0.017251111111111113,0.00042
192.168.151.163,192.168.7.228,0,0.00612
192.168.151.163,192.168.221.98,0.0203625,0.02452
192.168.151.163,192.168.168.65,0.10217777777777776,0.00042
192.168.151.163,192.168.1.130,0.05797142857142857,0.01165
192.168.151.163,192.168.133.78,0.012186666666666665,0.002745
192.168.151.163,192.168.151.18,0.04681222222222223,0
192.168.151.163,192.168.244.49,0.017597142857142856,0.013380000000000001
192.168.151.163,192.168.101.85,0.008255,0
192.168.151.163,192.168.28.22,0.24829500000000002,0
192.168.151.163,192.168.11.108,0.009183333333333333,0.00042
192.168.151.163,192.168.70.205,0.0193,0
192.168.151.163,192.168.24.212,0.00461,0.01165
192.168.151.163,192.168.117.12,0.03726625,0.00044
192.168.151.163,192.168.42.124,0.0055575,0
192.168.151.163,192.168.176.32,0.00543,0.01311
192.168.151.163,192.168.91.236,0.00042,0
192.168.151.163,192.168.106.106,0.006926666666666667,0.00887
192.168.151.163,192.168.94.39,0.02062,0
192.168.151.163,192.168.19.155,0.005058333333333334,0
192.168.151.163,192.168.122.82,0.00513,0.0016150000000000001
192.168.151.163,192.168.175.123,0.0315,0.00044
192.168.151.163,192.168.41.101,0.007543333333333333,0.00042
192.168.151.163,192.168.55.111,0.011,0
192.168.151.163,192.168.219.147,0.03572,0
192.168.151.163,192.168.148.76,0.0041600000000000005,0
192.168.151.163,192.168.239.247,0.0039625,0
192.168.151.163,192.168.77.133,0.070372,0.00042
192.168.151.163,192.168.207.225,0.016555,0.00042
192.168.151.163,192.168.237.18,0.010428000000000002,0
192.168.151.163,192.168.186.234,0.002795555555555556,0
192.168.151.163,192.168.150.238,0.011890000000000001,0
192.168.151.163,192.168.95.55,0.00565,0.03341
192.168.151.163,192.168.53.87,0.00235,0
192.168.151.163,192.168.237.41,0.00597,0
192.168.24.212,192.168.91.236,0.012794444444444445,0.00042
192.168.24.212,192.168.219.147,0.00840142857142857,0.00042
192.168.24.212,192.168.22.73,0.008068333333333334,0
192.168.24.212,192.168.151.18,0.0139925,0.469175
192.168.24.212,192.168.180.223,0.01986833333333333,0.0023266666666666666
192.168.24.212,192.168.117.12,0.06403600000000001,0
192.168.24.212,192.168.237.41,0.0080675,0
192.168.24.212,192.168.237.18,0.01769875,0.00192
192.168.24.212,192.168.94.124,0.1460257142857143,0.01099
192.168.24.212,192.168.42.250,0.010943,0
192.168.24.212,192.168.122.82,0.28279,0.00887
192.168.24.212,192.168.255.215,0.004992,0
192.168.102.230,192.168.53.87,0.13118857142857146,0
192.168.102.230,192.168.11.108,0.00144,0.00042
192.168.102.230,192.168.91.236,0.013034285714285712,0
192.168.102.230,192.168.255.200,0.01297,0
192.168.102.230,192.168.115.132,0.013346,0.01596
192.168.102.230,192.168.95.55,0.2111588888888889,0
192.168.102.230,192.168.255.215,0.014172222222222221,0
192.168.102.230,192.168.42.250,0.007591428571428573,0
192.168.102.230,192.168.148.76,0.10006999999999999,0.00771
192.168.102.230,192.168.244.49,0.0004325,0.00887
192.168.102.230,192.168.239.247,0.0114225,0
192.168.102.230,192.168.117.12,0.004045,0
192.168.102.230,192.168.101.85,0.008558888888888888,0.01501
192.168.102.230,192.168.219.147,0.010628888888888887,0
192.168.102.230,192.168.180.223,0.10553625,0
192.168.102.230,192.168.237.41,0.16177333333333332,0
192.168.102.230,192.168.19.155,0.00863875,0.00192
192.168.102.230,192.168.207.225,0.11226,0
192.168.102.230,192.168.77.133,0.00081,0
192.168.102.230,192.168.245.52,0.04745,0
192.168.102.230,192.168.28.22,0.01160625,0.004715
192.168.102.230,192.168.7.228,0.015835714285714286,0
192.168.102.230,192.168.62.221,0.010814999999999998,0
192.168.102.230,192.168.70.205,0.006588333333333335,0.015
192.168.102.230,192.168.9.89,0.01182,0.00612
192.168.102.230,192.168.42.124,0.031191666666666663,0
192.168.102.230,192.168.172.183,0.0166,0
192.168.102.230,192.168.122.82,0.00944,0
192.168.102.230,192.168.175.123,0.034021666666666665,0.01596
192.168.102.230,192.168.41.101,0.020773333333333335,0.005286666666666666
192.168.102.230,192.168.55.111,0.00043,0
192.168.102.230,192.168.168.65,0.04326,0.00192
192.168.102.230,192.168.22.73,0.01661,0
192.168.102.230,192.168.94.39,0.0038949999999999996,0.00042
192.168.102.230,192.168.106.106,0.00897,0
192.168.102.230,192.168.1.130,0.02394,0.00042
192.168.102.230,192.168.150.238,0.17226999999999995,0.0032499999999999994
192.168.102.230,192.168.1.1,0.150895,0
192.168.102.230,192.168.186.234,0.012945,0
192.168.102.230,192.168.151.163,0.32339666666666667,0
192.168.102.230,192.168.237.18,0.05280666666666667,0
192.168.102.230,192.168.24.212,0.18313000000000001,0.00042
192.168.102.230,192.168.221.98,0.00166,0
192.168.102.230,192.168.148.203,0.00776,0
192.168.102.230,192.168.94.124,0.00562,0
192.168.102.230,192.168.133.78,0.01811,0
192.168.102.230,192.168.195.179,0.064244,0.002755
192.168.102.230,192.168.151.18,0.004553333333333334,0
192.168.102.230,192.168.176.32,0.13876625,0
192.168.22.73,192.168.24.212,0.0041537499999999995,0.00887
192.168.22.73,192.168.102.230,0.0012,0
192.168.22.73,192.168.244.49,0.0108025,0
192.168.22.73,192.168.133.78,0.013885714285714288,0
192.168.22.73,192.168.77.133,0.0076725000000000005,0.00043000000000000004
192.168.22.73,192.168.101.85,0.0170625,0.93793
192.168.22.73,192.168.148.203,0.023994999999999995,0
192.168.22.73,192.168.106.106,0.021275555555555554,0
192.168.22.73,192.168.175.123,0.01164,0
192.168.22.73,192.168.1.1,0.028178749999999995,0.00042
192.168.22.73,192.168.237.18,0.003103333333333333,0
192.168.22.73,192.168.255.200,0.015272857142857144,0
192.168.22.73,192.168.9.89,0.006690000000000001,0.00042
192.168.22.73,192.168.239.247,0.0030633333333333333,0
192.168.22.73,192.168.180.223,0.014704,0
192.168.22.73,192.168.195.179,0.008724285714285714,0.00042
192.168.22.73,192.168.221.98,0.026995,0.0046500000000000005
192.168.22.73,192.168.62.221,0.010973749999999999,0
192.168.22.73,192.168.150.238,0.00045,0.00042
192.168.22.73,192.168.168.65,0.013290000000000001,0.015
192.168.22.73,192.168.117.12,0.005452,0
192.168.22.73,192.168.151.18,0.13591166666666668,0.00042
192.168.22.73,192.168.41.101,0.003114,0
192.168.22.73,192.168.94.39,0.005026666666666666,0.00507
192.168.22.73,192.168.11.108,0.07774571428571429,0.00042
192.168.22.73,192.168.55.111,0.006488333333333333,0.00042
192.168.22.73,192.168.172.183,0.007764999999999999,0
192.168.22.73,192.168.122.82,0.03432333333333333,0
192.168.22.73,192.168.151.163,0.017801,0
192.168.22.73,192.168.176.32,0.11280374999999998,0.00887
192.168.22.73,192.168.1.130,0.008929999999999999,0
192.168.22.73,192.168.186.234,0.11120444444444447,0.01311
192.168.22.73,192.168.245.52,0.008035,0.00042
192.168.22.73,192.168.42.250,0.01288,0.01311
192.168.22.73,192.168.255.215,0.01643857142857143,0.00042
192.168.22.73,192.168.115.132,0.00042,0
192.168.22.73,192.168.70.205,0.1412025,0
192.168.22.73,192.168.42.124,0.011248571428571429,0
192.168.22.73,192.168.91.236,0.005875555555555554,0
192.168.22.73,192.168.148.76,0.03737,0
192.168.22.73,192.168.237.41,0.10565166666666666,0.009
192.168.22.73,192.168.95.55,0.01095,0
192.168.22.73,192.168.53.87,0.002465,0
192.168.22.73,192.168.219.147,0.015574999999999999,0
192.168.22.73,192.168.28.22,0.0544,0.00042
192.168.22.73,192.168.7.228,0.013132499999999998,0
192.168.22.73,192.168.94.124,0.008572857142857144,0
192.168.22.73,192.168.19.155,0.13551800000000003,0
192.168.22.73,192.168.207.225,0.00059,0.016915
192.168.122.82,192.168.148.203,0.046145,0
192.168.122.82,192.168.237.18,0.1095025,0
192.168.122.82,192.168.106.106,0.0162375,0.00065
192.168.19.155,192.168.195.179,0.010186666666666667,0.001625
192.168.19.155,192.168.94.39,0.005506666666666667,0
192.168.19.155,192.168.244.49,0.0076328571428571435,0.01165
192.168.19.155,192.168.41.101,0.019045,0
192.168.19.155,192.168.245.52,0,0.00043
192.168.19.155,192.168.91.236,0.026278000000000003,0.00042
192.168.19.155,192.168.28.22,0.00282,0
192.168.19.155,192.168.94.124,0,0.00887
192.168.19.155,192.168.219.147,0.06434777777777777,0
192.168.19.155,192.168.122.82,0.1079025,0.01501
192.168.19.155,192.168.239.247,0.00803,0
192.168.19.155,192.168.95.55,0.013484285714285713,0.00044
192.168.19.155,192.168.175.123,0.09214571428571429,0.00417
192.168.19.155,192.168.168.65,0.01517,0
192.168.1.130,192.168.255.215,0.026600000000000002,0.00771
192.168.1.130,192.168.19.155,0.02061,0
192.168.1.130,192.168.95.55,0.010441666666666667,0
192.168.1.130,192.168.122.82,0.006198,0.00042
192.168.1.130,192.168.148.76,0.0104875,0
192.168.1.130,192.168.106.106,0.00043000000000000004,0
192.168.1.130,192.168.70.205,0.015076666666666664,0.00074
192.168.1.130,192.168.24.212,0.008341666666666666,0
192.168.1.130,192.168.150.238,0.01156,0
192.168.1.130,192.168.117.12,0.014166666666666668,0
192.168.1.130,192.168.41.101,0.0116825,0
192.168.1.130,192.168.176.32,0.06887400000000002,0.00058
192.168.1.130,192.168.148.203,0.022254999999999997,0
192.168.1.130,192.168.151.163,0.034292500000000004,0
192.168.1.130,192.168.1.1,0.024717777777777773,0
192.168.1.130,192.168.115.132,0.025826666666666664,0
192.168.1.130,192.168.186.234,0.0035800000000000003,0
192.168.1.130,192.168.245.52,0.005725,0
192.168.1.130,192.168.151.18,0.00598,0.01596
192.168.1.130,192.168.207.225,0.0032925,0
192.168.1.130,192.168.28.22,0.1905442857142857,0.054945
192.168.1.130,192.168.11.108,0.013455,0.00887
192.168.1.130,192.168.175.123,0.007255000000000001,0.01501
192.168.1.130,192.168.55.111,0.04760625,0
192.168.1.130,192.168.42.250,0.0459,0
192.168.1.130,192.168.22.73,0.05452571428571428,0.01248
192.168.1.130,192.168.7.228,0.023981250000000003,0
192.168.1.130,192.168.172.183,0.03267777777777778,0.00887
192.168.1.130,192.168.62.221,0.00546,0
192.168.1.130,192.168.180.223,0.002275,0
192.168.1.130,192.168.239.247,0.01186,0
192.168.1.130,192.168.219.147,0.0032500000000000003,0.00771
192.168.1.130,192.168.244.49,0.0029999999999999996,0.000535
192.168.1.130,192.168.94.124,0.016896666666666667,0.009
192.168.1.130,192.168.94.39,0.03934,0
192.168.1.130,192.168.101.85,0.010797142857142858,0.004653333333333333
192.168.1.130,192.168.255.200,0.016668999999999996,0
192.168.1.130,192.168.91.236,0.06871428571428573,0.00507
192.168.1.130,192.168.133.78,0.0661925,0
192.168.1.130,192.168.77.133,0.032438,0
192.168.1.130,192.168.42.124,0.012192857142857144,0
192.168.1.130,192.168.9.89,0.0066725,0.10945
192.168.151.18,192.168.219.147,0.002946,0.00281
192.168.151.18,192.168.237.41,0.00597,0
192.168.151.18,192.168.94.39,0.06781666666666666,0.00507
192.168.151.18,192.168.150.238,0.00849,0.00042
192.168.151.18,192.168.245.52,0.012264999999999998,0
192.168.151.18,192.168.151.163,0.03698666666666667,0.00065
192.168.151.18,192.168.24.212,0.010830000000000001,0
192.168.151.18,192.168.11.108,0.0116,0.01501
192.168.151.18,192.168.255.215,0.025630999999999998,0
192.168.151.18,192.168.94.124,0.01761,0
192.168.151.18,192.168.55.111,0.041298,0
192.168.151.18,192.168.244.49,0.004933333333333333,0
192.168.151.18,192.168.172.183,0.12531,0.00044
192.168.151.18,192.168.133.78,0.30226333333333333,0
192.168.151.18,192.168.168.65,0.053175,0.002745
192.168.151.18,192.168.42.250,0.015045,0.00507
192.168.151.18,192.168.28.22,0.025267,0
192.168.151.18,192.168.186.234,0.00244,0
192.168.151.18,192.168.176.32,0.015365,0
192.168.151.18,192.168.53.87,0.250795,0
192.168.151.18,192.168.91.236,0.00042,0.01501
192.168.151.18,192.168.180.223,0.035415714285714286,0.009
192.168.9.89,192.168.94.124,0.027446000000000005,0
192.168.9.89,192.168.244.49,0.13807833333333333,0.00697
192.168.9.89,192.168.207.225,0.004215,0
192.168.9.89,192.168.41.101,0.014912000000000003,0
192.168.9.89,192.168.95.55,0.008855,0
192.168.9.89,192.168.172.183,0.00655,0.00061
192.168.9.89,192.168.24.212,0.00346,0
192.168.9.89,192.168.176.32,0.010458,0
192.168.9.89,192.168.122.82,0.027630000000000002,0
192.168.9.89,192.168.70.205,0.012687499999999999,0
192.168.9.89,192.168.221.98,0.89517,0
192.168.9.89,192.168.77.133,0.010235,0.00042
192.168.9.89,192.168.237.41,0.00042,0
192.168.9.89,192.168.151.163,0.014544999999999999,0.00192
192.168.9.89,192.168.91.236,0.00042,0
192.168.9.89,192.168.148.76,0.01398,0
192.168.9.89,192.168.148.203,0.0037700000000000003,0
192.168.9.89,192.168.255.215,0.0163875,0.009
192.168.9.89,192.168.151.18,0.0082,0.00042
192.168.9.89,192.168.28.22,0.00042,0
192.168.9.89,192.168.55.111,0.010830000000000001,0.00042
192.168.9.89,192.168.7.228,0.014516250000000001,0
192.168.9.89,192.168.94.39,0.021032,0
192.168.9.89,192.168.106.106,0.004050000000000001,0
192.168.9.89,192.168.42.250,0.03637,0.007516666666666665
192.168.9.89,192.168.102.230,0.03066,0
192.168.9.89,192.168.62.221,0.023858999999999998,0
192.168.9.89,192.168.22.73,0.027741428571428573,0
192.168.9.89,192.168.239.247,0.009245,0.016925000000000003
192.168.9.89,192.168.150.238,0.015345000000000001,0
192.168.9.89,192.168.186.234,0.29175666666666666,0
192.168.9.89,192.168.42.124,0.00227,0.03341
192.168.42.124,192.168.186.234,0.029129999999999996,0
192.168.42.124,192.168.7.228,0.027515714285714286,0.00044
192.168.42.124,192.168.151.163,0.008375,0.004645
192.168.42.124,192.168.148.76,0.00859,0
192.168.42.124,192.168.148.203,0.00962,0.007719999999999999
192.168.42.124,192.168.237.18,0.00903,0
192.168.42.124,192.168.19.155,0.013485,0.00044
192.168.42.124,192.168.175.123,0.024847499999999998,0.006765
192.168.42.124,192.168.1.1,0.173298,0
192.168.42.124,192.168.168.65,0.06704124999999998,0
192.168.42.124,192.168.1.130,0.016134444444444444,0
192.168.42.124,192.168.53.87,0.07221,0
192.168.42.124,192.168.41.101,0.0851925,0.0012833333333333332
192.168.42.124,192.168.28.22,0.05957899999999999,0
192.168.42.124,192.168.11.108,0.006292222222222222,0.01596
192.168.42.124,192.168.94.124,0.01348142857142857,0.00043000000000000004
192.168.42.124,192.168.117.12,0.016177499999999997,0.00686
192.168.42.124,192.168.239.247,0.006149999999999999,0
192.168.42.124,192.168.244.49,0.004804,0.000515
192.168.42.124,192.168.150.238,0.04135,0
192.168.42.124,192.168.255.215,0.071996,0.00042
192.168.42.124,192.168.91.236,0.00985,0
192.168.42.124,192.168.94.39,0.007899999999999999,0
192.168.42.124,192.168.176.32,0.006786249999999999,0.03341
192.168.42.124,192.168.106.106,0.02168625,0
192.168.42.124,192.168.133.78,0.00042,0
192.168.42.124,192.168.195.179,0.006916666666666667,0
192.168.42.124,192.168.180.223,0.044746666666666664,0
192.168.42.124,192.168.151.18,0.06508,0.07685000000000002
192.168.42.124,192.168.95.55,0.014644285714285716,0.00074
192.168.42.124,192.168.122.82,0.0031,0.00044
192.168.42.124,192.168.24.212,0.038525000000000004,0.00281
192.168.42.124,192.168.62.221,0.00505,0
192.168.42.124,192.168.101.85,0.05274000000000001,0.00044
192.168.42.124,192.168.70.205,0.00424,0.00612
192.168.42.124,192.168.255.200,0.028882857142857144,0
192.168.42.124,192.168.207.225,0.018467499999999998,0.00043000000000000004
192.168.42.124,192.168.9.89,0.09276100000000001,0
192.168.42.124,192.168.42.250,0.005605,0
192.168.42.124,192.168.219.147,0.01239,0
192.168.42.124,192.168.115.132,0.07424,0.00074
192.168.219.147,192.168.24.212,0.01923,0.00281
192.168.219.147,192.168.1.130,0.007871666666666666,0.01165
192.168.219.147,192.168.122.82,0.028822857142857143,0.054935000000000005
192.168.219.147,192.168.207.225,0.011040000000000001,0.01248
192.168.219.147,192.168.106.106,0.013101666666666666,0.00281
192.168.219.147,192.168.168.65,0.00807625,0.00042
192.168.219.147,192.168.133.78,0.020402999999999998,0
192.168.219.147,192.168.1.1,0.0052633333333333325,0.00074
192.168.219.147,192.168.55.111,0.00559,0.00887
192.168.219.147,192.168.175.123,0.011178571428571428,0.01311
192.168.219.147,192.168.245.52,0.0245,0.00042
192.168.219.147,192.168.102.230,0.088186,0
192.168.219.147,192.168.53.87,0.00793142857142857,0.00042
192.168.219.147,192.168.148.203,0.02111666666666667,0.01311
192.168.219.147,192.168.7.228,0.09530777777777778,0.00042
192.168.219.147,192.168.41.101,0.012879999999999999,0
192.168.219.147,192.168.237.41,0.01598,0
192.168.219.147,192.168.117.12,0.13359142857142856,0.469175
192.168.219.147,192.168.255.200,0.007871666666666666,0.004645
192.168.219.147,192.168.70.205,0.006163333333333333,0
192.168.219.147,192.168.11.108,0.03368714285714285,0
192.168.219.147,192.168.95.55,0.014134999999999998,0
192.168.219.147,192.168.94.39,0.01142777777777778,0.00192
192.168.219.147,192.168.255.215,0.00511,0
192.168.219.147,192.168.62.221,0.027704999999999994,0.93793
192.168.219.147,192.168.221.98,0.012055000000000001,0.00887
192.168.219.147,192.168.22.73,0.006706000000000001,0
192.168.219.147,192.168.172.183,0.013020000000000002,0
192.168.219.147,192.168.42.250,0.00905125,0.00042
192.168.219.147,192.168.42.124,0.013914000000000001,0.93793
192.168.219.147,192.168.77.133,0.014126666666666664,0.009
192.168.219.147,192.168.9.89,0.2508633333333333,0.006925
192.168.219.147,192.168.150.238,0.40136666666666665,0.008934999999999998
192.168.219.147,192.168.115.132,0.004555999999999999,0
192.168.219.147,192.168.151.18,0.0096475,0.00281
192.168.219.147,192.168.244.49,0.025395,0
192.168.219.147,192.168.195.179,0.078675,0.01311
192.168.219.147,192.168.101.85,0.0054,0.00042
192.168.219.147,192.168.186.234,0.1565488888888889,0.93793
192.168.219.147,192.168.237.18,0.034436666666666664,0.00117
192.168.219.147,192.168.148.76,0.00042,0
192.168.219.147,192.168.94.124,0.06468,0
192.168.219.147,192.168.91.236,0.033685,0
192.168.219.147,192.168.239.247,0.026970000000000004,0.00074
192.168.219.147,192.168.176.32,0.2104675,0
192.168.219.147,192.168.180.223,0.00043000000000000004,0
192.168.1.1,192.168.195.179,0.47589,0
192.168.1.1,192.168.62.221,0.009232857142857142,0
192.168.1.1,192.168.176.32,0.004887999999999999,0.01501
192.168.1.1,192.168.102.230,0.02013,0
192.168.1.1,192.168.28.22,0.020317500000000002,0
192.168.195.179,192.168.102.230,0.00042,0
192.168.195.179,192.168.255.200,0.005326,0.00612
192.168.195.179,192.168.221.98,0.01567666666666667,0
192.168.195.179,192.168.148.203,0.009328,0
192.168.195.179,192.168.244.49,0.018260000000000002,0
192.168.195.179,192.168.133.78,0.02511111111111111,0
192.168.195.179,192.168.117.12,0.08294,0.02452
192.168.195.179,192.168.1.1,0.009300000000000001,0
192.168.195.179,192.168.77.133,0.12455,0.00043333333333333337
192.168.195.179,192.168.42.250,0.01927777777777778,0.00192
192.168.195.179,192.168.55.111,0.017772857142857142,0
192.168.195.179,192.168.148.76,0.01517,0
192.168.195.179,192.168.91.236,0.00343,0
192.168.195.179,192.168.95.55,0.02578,0.00042
192.168.195.179,192.168.180.223,0.2077057142857143,0
192.168.195.179,192.168.115.132,0.00042,0
192.168.195.179,192.168.237.18,0.0051675,0
192.168.195.179,192.168.41.101,0.02697625,0.05613
192.168.195.179,192.168.7.228,0.00428,0
192.168.195.179,192.168.239.247,0.0041624999999999995,0
192.168.195.179,192.168.122.82,0.00887,0
192.168.195.179,192.168.53.87,0.06690624999999999,0
192.168.195.179,192.168.175.123,0.1087075,0
192.168.195.179,192.168.11.108,0.02562875,0.01165
192.168.195.179,192.168.219.147,0.03780666666666666,0
192.168.195.179,192.168.245.52,0.06567624999999999,0.006775
192.168.195.179,192.168.94.39,0.0256225,0
192.168.195.179,192.168.101.85,0.00294,0
192.168.195.179,192.168.22.73,0.00042,0
192.168.195.179,192.168.19.155,0.017634999999999998,0
192.168.195.179,192.168.237.41,0.12703714285714285,0.00042
192.168.195.179,192.168.168.65,0.006793333333333334,0
192.168.195.179,192.168.186.234,0.06743,0.0052833333333333335
192.168.195.179,192.168.42.124,0.0019825000000000003,0
192.168.195.179,192.168.172.183,0.024992499999999997,0.004719999999999999
192.168.195.179,192.168.62.221,0.018275,0.00042
192.168.195.179,192.168.176.32,0.0936425,0
192.168.94.124,192.168.77.133,0.14637999999999998,0.00042
192.168.94.124,192.168.244.49,0.32775666666666664,0
192.168.94.124,192.168.245.52,0.003255,0
192.168.94.124,192.168.41.101,0.031099999999999996,0
192.168.94.124,192.168.148.76,0.007462499999999999,0.00061
192.168.94.124,192.168.151.163,0.0079,0
192.168.94.124,192.168.42.124,0.19390857142857146,0
192.168.94.124,192.168.176.32,0.004391428571428572,0
192.168.94.124,192.168.9.89,0.167704,0.00043000000000000004
192.168.94.124,192.168.11.108,0.016572,0
192.168.94.124,192.168.255.200,0.00425,0.00044
192.168.94.124,192.168.7.228,0.022860000000000002,0
192.168.94.124,192.168.70.205,0.14189833333333332,0.00042
192.168.94.124,192.168.237.18,0.02797,0
192.168.94.124,192.168.151.18,0.00275,0
192.168.94.124,192.168.62.221,0.00415,0
192.168.94.124,192.168.122.82,0.2781666666666667,0.469175
192.168.94.124,192.168.186.234,0.008823333333333334,0
192.168.94.124,192.168.94.39,0.0070149999999999995,0
192.168.94.124,192.168.28.22,0.008966666666666666,0.012479999999999998
192.168.94.124,192.168.195.179,0.012916,0.01596
192.168.94.124,192.168.1.130,0.16193833333333332,0
192.168.94.124,192.168.55.111,0.0086625,0.00042
192.168.94.124,192.168.168.65,0.017499999999999995,0
192.168.94.124,192.168.180.223,0.026367999999999996,0.007725
192.168.94.124,192.168.219.147,0.008545,0
192.168.94.124,192.168.115.132,0.011,0
192.168.94.124,192.168.53.87,0.05773,0
192.168.94.124,192.168.175.123,0.13957666666666668,0
192.168.94.124,192.168.95.55,0.16072,0
192.168.180.223,192.168.106.106,0.008654,0.012479999999999998
192.168.180.223,192.168.221.98,0.00042,0
192.168.180.223,192.168.22.73,0.011413333333333333,0
192.168.180.223,192.168.245.52,0.239562,0.00042
192.168.180.223,192.168.7.228,0.007398333333333333,0
192.168.180.223,192.168.151.18,0.015613333333333333,0
192.168.180.223,192.168.168.65,0.05637444444444444,0
192.168.180.223,192.168.117.12,0.0265925,0
192.168.180.223,192.168.62.221,0.00823,0
192.168.180.223,192.168.42.250,0.006314,0
192.168.180.223,192.168.148.76,0.01543625,0.00887
192.168.180.223,192.168.77.133,0.010565999999999999,0
192.168.180.223,192.168.91.236,0.070765,0
192.168.180.223,192.168.255.215,0.010495,0.00042
192.168.180.223,192.168.53.87,0.0076739999999999985,0
192.168.180.223,192.168.55.111,0.1624183333333333,0.015
192.168.180.223,192.168.237.41,0.007616999999999999,0
192.168.180.223,192.168.94.124,0.03937555555555556,0
192.168.180.223,192.168.244.49,0.05476399999999999,0
192.168.180.223,192.168.19.155,0.029434285714285715,0
192.168.180.223,192.168.11.108,0.012764999999999999,0
192.168.180.223,192.168.255.200,0.01686142857142857,0
192.168.180.223,192.168.94.39,0.00986,0.00507
192.168.180.223,192.168.148.203,0.04310666666666667,0.00042
192.168.180.223,192.168.1.130,0.007935000000000001,0.01165
192.168.180.223,192.168.122.82,0.007062000000000001,0
192.168.180.223,192.168.195.179,0.14430714285714283,0.00192
192.168.180.223,192.168.150.238,0.00415,0
192.168.180.223,192.168.70.205,0.028716666666666668,0
192.168.180.223,192.168.219.147,0.014943333333333335,0.0069099999999999995
192.168.180.223,192.168.41.101,0.011,0.00061
192.168.180.223,192.168.151.163,0.039043,0
192.168.180.223,192.168.172.183,0.046145,0
192.168.180.223,192.168.175.123,0.15451,0
192.168.180.223,192.168.42.124,0.004756000000000001,0.002365
192.168.180.223,192.168.28.22,0.16023571428571426,0
192.168.180.223,192.168.176.32,0.014636000000000001,0
192.168.180.223,192.168.9.89,0.11657666666666668,0.00044
192.168.180.223,192.168.237.18,0.00513,0
192.168.180.223,192.168.186.234,0.0053360000000000005,0
192.168.180.223,192.168.101.85,0.012980999999999998,0
192.168.180.223,192.168.102.230,0.11115777777777779,0.00044
192.168.180.223,192.168.239.247,0.08834499999999999,0
192.168.180.223,192.168.95.55,0.01759,0.00281
192.168.180.223,192.168.207.225,0.01366,0
192.168.180.223,192.168.1.1,0.13788,0.01165
192.168.180.223,192.168.115.132,0.00551,0.000535
192.168.148.76,192.168.207.225,0.019407142857142855,0.01165
192.168.148.76,192.168.94.124,0.041639999999999996,0.01501
192.168.148.76,192.168.168.65,0.005488888888888888,0
192.168.148.76,192.168.180.223,0.11638444444444446,0
192.168.148.76,192.168.150.238,0.11370444444444444,0.00061
192.168.148.76,192.168.237.18,0.008169999999999998,0
192.168.148.76,192.168.175.123,0.014157999999999999,0
192.168.148.76,192.168.7.228,0.008233333333333334,0.00507
192.168.148.76,192.168.101.85,0.007703333333333334,0
192.168.148.76,192.168.244.49,0.02781875,0.00043
192.168.148.76,192.168.186.234,0.01215,0
192.168.148.76,192.168.151.163,0.05169142857142856,0
192.168.148.76,192.168.102.230,0.04462666666666667,0.00887
192.168.148.76,192.168.91.236,0.002435,0
192.168.148.76,192.168.245.52,0.01737,0.00042
192.168.148.76,192.168.195.179,0.02412571428571428,0.0057866666666666665
192.168.148.76,192.168.9.89,0.01567142857142857,0.01165
192.168.148.76,192.168.255.200,0.032124999999999994,0
192.168.148.76,192.168.77.133,0.0075025,0
192.168.148.76,192.168.219.147,0.10774444444444445,0.00044
192.168.148.76,192.168.133.78,0.005866666666666667,0.00042
192.168.148.76,192.168.19.155,0.02071875,0
192.168.148.76,192.168.122.82,0.015531428571428571,0
192.168.148.76,192.168.95.55,0.026318333333333332,0
192.168.148.76,192.168.42.124,0.0144875,0.00043000000000000004
192.168.148.76,192.168.55.111,0.02073,0
192.168.148.76,192.168.11.108,0.00423,0
192.168.148.76,192.168.239.247,0.016210000000000002,0
192.168.148.76,192.168.24.212,0.00783,0
192.168.148.76,192.168.28.22,0.0243525,0
192.168.148.76,192.168.42.250,0.020255000000000002,0
192.168.148.76,192.168.148.203,0.006253333333333333,0.015
192.168.148.76,192.168.1.1,0.05534800000000001,0
192.168.148.76,192.168.94.39,0.013075,0.01596
192.168.255.215,192.168.180.223,0.02065777777777778,0
192.168.255.215,192.168.151.163,0.0032199999999999998,0.93793
192.168.255.215,192.168.42.124,0.00235,0
192.168.255.215,192.168.9.89,0.011935999999999999,0.00042
192.168.255.215,192.168.22.73,0.009356,0
192.168.255.215,192.168.53.87,0.07609714285714286,0.00044
192.168.255.215,192.168.41.101,0.0078066666666666675,0
192.168.255.215,192.168.106.106,0.11740999999999997,0
192.168.255.215,192.168.28.22,0.005506666666666667,0.00042
192.168.255.215,192.168.186.234,0.00042,0
192.168.255.215,192.168.70.205,0.009882,0.021776666666666666
192.168.207.225,192.168.94.39,0.26514499999999996,0
192.168.207.225,192.168.122.82,0.014578000000000002,0.008100000000000001
192.168.207.225,192.168.239.247,0.13448875,0.006775
192.168.207.225,192.168.55.111,0.013052222222222222,0.01311
192.168.207.225,192.168.219.147,0.008385,0.008910000000000001
192.168.207.225,192.168.42.250,0.00042,0
192.168.207.225,192.168.175.123,0.011239999999999998,0
192.168.207.225,192.168.148.203,0.018862499999999997,0.006045
192.168.207.225,192.168.62.221,0.04326,0.015
192.168.207.225,192.168.115.132,0.00504,0
192.168.207.225,192.168.244.49,0.008605714285714286,0.00042
192.168.207.225,192.168.117.12,0.01116875,0.00061
192.168.207.225,192.168.101.85,0.021013333333333332,0
192.168.207.225,192.168.180.223,0.016255,0
192.168.207.225,192.168.176.32,0.00552,0
192.168.207.225,192.168.28.22,0.007928571428571429,0.001625
192.168.207.225,192.168.1.1,0.00045,0
192.168.207.225,192.168.19.155,0.008404999999999998,0.00042
192.168.207.225,192.168.41.101,0.10251166666666667,0.02452
192.168.207.225,192.168.102.230,0.18965400000000002,0
192.168.207.225,192.168.94.124,0.224185,0.00044
192.168.42.250,192.168.148.76,0.04867,0
192.168.42.250,192.168.148.203,0.0026949999999999995,0
192.168.42.250,192.168.150.238,0.009188333333333333,0
192.168.42.250,192.168.1.130,0.41282250000000004,0.02452
192.168.42.250,192.168.24.212,0.23920249999999998,0
192.168.42.250,192.168.70.205,0.00048,0
192.168.42.250,192.168.9.89,0.004671,0
192.168.42.250,192.168.7.228,0.01820888888888889,0
192.168.42.250,192.168.28.22,0,0.012005
192.168.42.250,192.168.91.236,0.02257111111111111,0.03341
192.168.42.250,192.168.102.230,0.47652500000000003,0.00042
192.168.42.250,192.168.151.18,0.00399,0
192.168.42.250,192.168.255.215,0.01301,0
192.168.42.250,192.168.53.87,0.14202857142857142,0.00324
192.168.42.250,192.168.94.39,0.12654,0
192.168.42.250,192.168.42.124,0.007528000000000002,0.000515
192.168.42.250,192.168.122.82,0.013425,0.00042
192.168.42.250,192.168.115.132,0.03304,0.013633333333333332
192.168.42.250,192.168.151.163,0.015031666666666667,0.00819
192.168.42.250,192.168.180.223,0.015388571428571429,0
192.168.42.250,192.168.244.49,0.020545,0.469175
192.168.42.250,192.168.237.18,0.039355,0.00192
192.168.42.250,192.168.106.106,0.04326,0
192.168.42.250,192.168.221.98,0.0009325,0
192.168.42.250,192.168.237.41,0.0044075,0
192.168.42.250,192.168.176.32,0.019695714285714285,0.02024
192.168.42.250,192.168.94.124,0.020745,0.036763333333333335
192.168.42.250,192.168.95.55,0.027712499999999994,0
192.168.42.250,192.168.22.73,0.02368666666666667,0
192.168.42.250,192.168.175.123,0.005324285714285714,0.004654999999999999
192.168.42.250,192.168.239.247,0.096261,0
192.168.42.250,192.168.219.147,0.0049425,0.00887
192.168.42.250,192.168.101.85,0.02933571428571429,0.00584
192.168.42.250,192.168.77.133,0.14273285714285713,0.00042
192.168.42.250,192.168.1.1,0.009011428571428571,0
192.168.42.250,192.168.117.12,0.1497914285714286,0.00117
192.168.42.250,192.168.172.183,0.0014233333333333335,0.00042
192.168.42.250,192.168.207.225,0.010543333333333333,0.000515
192.168.42.250,192.168.19.155,0.15382833333333332,0
192.168.42.250,192.168.55.111,0.0061660000000000005,0.00061
192.168.42.250,192.168.133.78,0.0033079999999999997,0
192.168.42.250,192.168.168.65,0.042515,0
192.168.168.65,192.168.7.228,0.20205333333333333,0.0011025
192.168.168.65,192.168.101.85,0.013968749999999999,0.00042
192.168.168.65,192.168.207.225,0.1189425,0
192.168.168.65,192.168.133.78,0.005895,0
192.168.168.65,192.168.42.124,0.013125,0.00042
192.168.168.65,192.168.1.130,0.062051249999999995,0
192.168.168.65,192.168.70.205,0.00047,0
192.168.168.65,192.168.9.89,0.008492,0
192.168.168.65,192.168.255.215,0.00677,0
192.168.168.65,192.168.195.179,0.01536,0
192.168.168.65,192.168.237.41,0.00044,0
192.168.168.65,192.168.115.132,0.0223725,0
192.168.168.65,192.168.94.124,0.0138625,0
192.168.168.65,192.168.245.52,0.00309,0.10945
192.168.168.65,192.168.219.147,0.062025,0
192.168.168.65,192.168.239.247,0.016695,0
192.168.168.65,192.168.180.223,0.03357125,0.016915
192.168.168.65,192.168.186.234,0.012284999999999999,0.00042
192.168.168.65,192.168.122.82,0.004633333333333333,0.010034999999999999
192.168.168.65,192.168.1.1,0.02361571428571429,0.015
192.168.168.65,192.168.151.18,0.007412,0
192.168.168.65,192.168.94.39,0.003613333333333333,0.00042
192.168.168.65,192.168.22.73,0.01724857142857143,0.00042
192.168.168.65,192.168.53.87,0.034999999999999996,0.004645
192.168.168.65,192.168.117.12,0.40750000000000003,0
192.168.168.65,192.168.175.123,0.0028620000000000004,0
192.168.168.65,192.168.255.200,0.17122749999999998,0.00044
192.168.168.65,192.168.102.230,0.0006725000000000001,0
192.168.168.65,192.168.106.106,0.01377,0.00507
192.168.168.65,192.168.42.250,0.00828,0.00042
192.168.168.65,192.168.151.163,0.132545,0
192.168.168.65,192.168.77.133,0.020352000000000002,0
192.168.168.65,192.168.55.111,0.09448444444444444,0
192.168.168.65,192.168.95.55,0.005213000000000001,0
192.168.168.65,192.168.237.18,0.010433333333333334,0
192.168.168.65,192.168.176.32,0.00101,0.004739999999999999
192.168.168.65,192.168.150.238,0.00445,0
192.168.168.65,192.168.41.101,0.01687,0.00042
192.168.168.65,192.168.172.183,0.007295,0.00192
192.168.168.65,192.168.244.49,0.02468875,0.054935000000000005
192.168.168.65,192.168.221.98,0.06483600000000002,0
192.168.168.65,192.168.62.221,0.04076,0
192.168.168.65,192.168.28.22,0.013452,0.00819
192.168.168.65,192.168.91.236,0.007944444444444445,0
192.168.168.65,192.168.11.108,0.011991428571428571,0.00123
192.168.168.65,192.168.148.203,0.01003,0
192.168.168.65,192.168.24.212,0.02469,0
192.168.168.65,192.168.19.155,0.014127142857142857,0
192.168.168.65,192.168.148.76,0.020595,0
192.168.150.238,192.168.133.78,0.007356666666666668,0.00327
192.168.150.238,192.168.148.203,0.010573333333333332,0.0004966666666666666
192.168.150.238,192.168.244.49,0.0096975,0.00044
192.168.150.238,192.168.180.223,0.015143,0
192.168.150.238,192.168.77.133,0.06300666666666667,0.01596
192.168.150.238,192.168.55.111,0.022698571428571426,0.00043000000000000004
192.168.150.238,192.168.19.155,0.25982,0.00042
192.168.150.238,192.168.245.52,0,0.002745
192.168.150.238,192.168.95.55,0.012052,0.00042
192.168.150.238,192.168.151.163,0.11518555555555555,0
192.168.150.238,192.168.11.108,0.0041475,0
192.168.150.238,192.168.195.179,0.005481428571428572,0.00612
192.168.150.238,192.168.239.247,0.071205,0.02452
192.168.150.238,192.168.237.18,0.0022299999999999998,0.00507
192.168.150.238,192.168.91.236,0.391468,0.47340000000000004
192.168.150.238,192.168.102.230,0.0137325,0.00042
192.168.150.238,192.168.22.73,0.010777142857142858,0.00327
192.168.150.238,192.168.172.183,0.00522,0
192.168.150.238,192.168.207.225,0.81318,0
192.168.150.238,192.168.9.89,0.00319,0
192.168.150.238,192.168.42.250,0.15610333333333334,0
192.168.150.238,192.168.219.147,0.012403333333333334,0
192.168.150.238,192.168.255.215,0.019117500000000003,0.015
192.168.150.238,192.168.94.124,0.07314,0
192.168.150.238,192.168.122.82,0.022921,0
192.168.150.238,192.168.117.12,0.00042,0
192.168.150.238,192.168.70.205,0.009869999999999999,0.00044
192.168.150.238,192.168.237.41,0.010024,0.00042
192.168.150.238,192.168.1.130,0.00885111111111111,0.00044
192.168.150.238,192.168.53.87,0.00528,0
192.168.150.238,192.168.101.85,0.10612142857142856,0
192.168.150.238,192.168.62.221,0.02503142857142857,0.01501
192.168.150.238,192.168.94.39,0.010615714285714287,0
192.168.150.238,192.168.168.65,0.008714999999999999,0
192.168.150.238,192.168.115.132,0.020636666666666664,0.00042
192.168.186.234,192.168.151.163,0.023565714285714284,0.007719999999999999
192.168.186.234,192.168.55.111,0.007764999999999999,0.00507
192.168.186.234,192.168.42.124,0.0021433333333333335,0.00192
192.168.186.234,192.168.95.55,0.0033,0.00281
192.168.186.234,192.168.77.133,0.032596,0
192.168.186.234,192.168.53.87,0.144455,0.013665
192.168.186.234,192.168.175.123,0.3251466666666667,0.00507
192.168.186.234,192.168.102.230,0.006966666666666667,0
192.168.53.87,192.168.77.133,0.013753999999999999,0.00887
192.168.53.87,192.168.148.203,0.00402,0.00887
192.168.53.87,192.168.22.73,0.008291999999999999,0
192.168.53.87,192.168.255.200,0.034765000000000004,0.31818
192.168.53.87,192.168.9.89,0.009571999999999999,0
192.168.53.87,192.168.176.32,0.024436,0
192.168.53.87,192.168.244.49,0.012125,0.00044
192.168.53.87,192.168.91.236,0.020710000000000003,0.00043
192.168.53.87,192.168.115.132,0.027378888888888887,0.01165
192.168.53.87,192.168.219.147,0.0237,0.00281
192.168.53.87,192.168.239.247,0.04326,0.00887
192.168.53.87,192.168.24.212,0.480465,0
192.168.53.87,192.168.133.78,0.000935,0
192.168.53.87,192.168.221.98,0.029986666666666665,0.00042
192.168.53.87,192.168.102.230,0.00042,0
192.168.53.87,192.168.11.108,0.020047142857142857,0.00065
192.168.53.87,192.168.237.41,0.005626666666666668,0.00887
192.168.53.87,192.168.122.82,0.05060666666666667,0.00061
192.168.53.87,192.168.148.76,0.00795,0
192.168.53.87,192.168.186.234,0.009273333333333333,0.00042
192.168.53.87,192.168.106.106,0.0058325,0
192.168.53.87,192.168.19.155,0.062483333333333335,0.00042
192.168.53.87,192.168.117.12,0.099036,0
192.168.53.87,192.168.255.215,0.03975,0.010325
192.168.53.87,192.168.207.225,0.139095,0
192.168.53.87,192.168.151.163,0.01215,0
192.168.53.87,192.168.1.1,0.00042,0
192.168.53.87,192.168.42.250,0.050115714285714284,0
192.168.53.87,192.168.172.183,0.03542,0
192.168.53.87,192.168.195.179,0.01807142857142857,0
192.168.53.87,192.168.62.221,0.005532857142857142,0.01705
192.168.53.87,192.168.101.85,0.01927625,0.00042
192.168.53.87,192.168.168.65,0.0045449999999999996,0
192.168.53.87,192.168.1.130,0.00042,0
192.168.53.87,192.168.180.223,0.022207499999999998,0.004645
192.168.53.87,192.168.94.39,0.0070216666666666665,0
192.168.53.87,192.168.150.238,0.00756,0
192.168.77.133,192.168.180.223,0.040185,0.00042
192.168.77.133,192.168.221.98,0.012459999999999999,0
192.168.77.133,192.168.168.65,0.04522166666666666,0.008934999999999998
192.168.77.133,192.168.148.76,0.007984000000000002,0.002755
192.168.77.133,192.168.55.111,0.00042,0
192.168.77.133,192.168.172.183,0.0034100000000000003,0
192.168.77.133,192.168.255.215,0.10494699999999998,0
192.168.77.133,192.168.151.163,0.026186666666666667,0
192.168.77.133,192.168.1.1,0.005484285714285714,0.10945
192.168.77.133,192.168.11.108,0,0.00887
192.168.77.133,192.168.24.212,0.014795,0
192.168.77.133,192.168.117.12,0.021648333333333335,0.00846
192.168.77.133,192.168.53.87,0.007512,0
192.168.77.133,192.168.150.238,0.06764500000000001,0
192.168.77.133,192.168.207.225,0.019046666666666667,0.011770000000000001
192.168.77.133,192.168.9.89,0.0237,0
192.168.77.133,192.168.95.55,0.0016849999999999999,0
192.168.77.133,192.168.133.78,0.015851666666666667,0.00044
192.168.77.133,192.168.255.200,0.011171666666666668,0.03341
192.168.77.133,192.168.106.106,0.009911666666666666,0
192.168.77.133,192.168.42.250,0.08634714285714286,0
192.168.77.133,192.168.245.52,0.018763000000000002,0
192.168.77.133,192.168.28.22,0.008841666666666666,0.004645
192.168.77.133,192.168.22.73,0.012416,0
192.168.77.133,192.168.237.41,0.018944999999999997,0
192.168.77.133,192.168.42.124,0.96051,0
192.168.77.133,192.168.101.85,0.006209999999999999,0.00042
192.168.77.133,192.168.41.101,0.02545125,0
192.168.77.133,192.168.102.230,0.3306266666666667,0.00887
192.168.77.133,192.168.176.32,0.01282,0
192.168.77.133,192.168.19.155,0.1061425,0.023260000000000003
192.168.77.133,192.168.219.147,0.2762866666666667,0
192.168.77.133,192.168.237.18,0.0030416666666666665,0
192.168.77.133,192.168.175.123,0.00235,0
192.168.77.133,192.168.122.82,0.14438166666666666,0.00042
192.168.77.133,192.168.7.228,0.06897874999999999,0.01596
192.168.77.133,192.168.148.203,0.001095,0
192.168.77.133,192.168.1.130,0.00148,0.00042
192.168.77.133,192.168.244.49,0.00042,0
192.168.77.133,192.168.151.18,0.017233333333333333,0
192.168.77.133,192.168.94.39,0.101122,0
192.168.77.133,192.168.91.236,0.00438,0.00044
192.168.77.133,192.168.195.179,0.00042,0
192.168.77.133,192.168.186.234,0.01570125,0
192.168.77.133,192.168.239.247,0.14221666666666666,0.01596
192.168.77.133,192.168.94.124,0.00987,0
192.168.77.133,192.168.70.205,0.010105000000000001,0
192.168.237.18,192.168.9.89,0.00842,0.00281
192.168.237.18,192.168.133.78,0.014566666666666665,0
192.168.237.18,192.168.1.1,0.003275,0.00042
192.168.237.18,192.168.101.85,0.01007,0
192.168.237.18,192.168.150.238,0.00426,0
192.168.237.18,192.168.122.82,0.013994999999999999,0.00042
192.168.237.18,192.168.255.215,0.014715,0.00042
192.168.237.18,192.168.244.49,0,0.00612
192.168.237.18,192.168.24.212,0.02867,0.00042
192.168.237.18,192.168.221.98,0.018245,0
192.168.237.18,192.168.41.101,0.017102500000000003,0
192.168.237.18,192.168.91.236,0.031292857142857136,0
192.168.237.18,192.168.19.155,0.036114999999999994,0
192.168.237.18,192.168.148.203,0.2969,0
192.168.237.18,192.168.55.111,0.04745,0
192.168.237.18,192.168.195.179,0.0043725,0
192.168.237.18,192.168.239.247,0.0225,0.00065
192.168.237.18,192.168.11.108,0.01953333333333333,0.00192
192.168.237.18,192.168.95.55,0.015176666666666666,0
192.168.237.18,192.168.42.250,0.00957,0.00042
192.168.237.18,192.168.175.123,0.45988,0
192.168.237.18,192.168.77.133,0.009265714285714285,0.00042
192.168.237.18,192.168.7.228,0.09069333333333333,0
192.168.237.18,192.168.168.65,0.013276250000000002,0.00044
192.168.237.18,192.168.94.124,0.005324,0
192.168.237.18,192.168.255.200,0.11354666666666667,0
192.168.237.18,192.168.245.52,0.009986666666666666,0
192.168.237.18,192.168.186.234,0.1189085714285714,0
192.168.237.18,192.168.102.230,0.0036075,0.00058
192.168.237.18,192.168.53.87,0.00755,0.00507
192.168.237.18,192.168.115.132,0.032666,0
192.168.237.18,192.168.42.124,0.00231,0
192.168.237.18,192.168.172.183,0.027257999999999998,0
192.168.237.18,192.168.117.12,0.002774,0.007715
192.168.237.18,192.168.1.130,0.025682,0
192.168.237.18,192.168.106.106,0.00713375,0
192.168.237.18,192.168.219.147,0.007613333333333334,0
192.168.237.18,192.168.176.32,0.00445,0
192.168.237.18,192.168.22.73,0.016117777777777776,0.93793
192.168.255.200,192.168.9.89,0.06972,0
192.168.255.200,192.168.148.76,0.067784,0
192.168.255.200,192.168.244.49,0.0035199999999999997,0
192.168.255.200,192.168.101.85,0.0031750000000000003,0
192.168.255.200,192.168.7.228,0.01198,0
192.168.245.52,192.168.77.133,0.00043,0
192.168.245.52,192.168.24.212,0.043306250000000004,0
192.168.245.52,192.168.55.111,0.023623750000000002,0
192.168.245.52,192.168.151.163,0.01854,0
192.168.245.52,192.168.41.101,0.01143,0.00042
192.168.245.52,192.168.148.203,0.009833999999999999,0.00887
192.168.245.52,192.168.176.32,0.030345,0
192.168.245.52,192.168.172.183,0.023854999999999998,0
192.168.245.52,192.168.106.106,0.017682,0
192.168.245.52,192.168.7.228,0.00676,0.00327
192.168.245.52,192.168.95.55,0.01353125,0
192.168.245.52,192.168.117.12,0.0401425,0
192.168.245.52,192.168.133.78,0.01113875,0
192.168.245.52,192.168.186.234,0.06145375,0.00819
192.168.245.52,192.168.148.76,0.018510000000000002,0.00043333333333333337
192.168.245.52,192.168.207.225,0.003715,0
192.168.245.52,192.168.175.123,0.014808000000000002,0
192.168.245.52,192.168.180.223,0.00551,0.009
192.168.245.52,192.168.221.98,0.015543749999999999,0.00507
192.168.245.52,192.168.1.1,0.028290000000000003,0
192.168.245.52,192.168.151.18,0.028131428571428575,0
192.168.245.52,192.168.101.85,0.021554999999999998,0
192.168.245.52,192.168.102.230,0.007276666666666665,0.0056
192.168.245.52,192.168.237.41,0.1249275,0
192.168.245.52,192.168.94.124,0.051077500000000005,0.00536
192.168.245.52,192.168.255.215,0.013621666666666666,0
192.168.245.52,192.168.219.147,0.16123500000000002,0.00065
192.168.91.236,192.168.1.1,0.01925,0
192.168.91.236,192.168.221.98,0.025426666666666667,0
192.168.91.236,192.168.180.223,0.01694,0
192.168.91.236,192.168.195.179,0.012488,0.00042
192.168.91.236,192.168.151.18,0.16592800000000002,0
192.168.91.236,192.168.55.111,0.11272777777777779,0
192.168.91.236,192.168.148.203,0.01923,0
192.168.91.236,192.168.41.101,0.020710000000000003,0
192.168.91.236,192.168.22.73,0.04897666666666667,0.02452
192.168.133.78,192.168.151.163,0.025422,0
192.168.133.78,192.168.91.236,0.009162499999999999,0.001625
192.168.133.78,192.168.180.223,0.00042,0.00192
192.168.133.78,192.168.221.98,0.00285,0.00043
192.168.133.78,192.168.28.22,0.13906250000000003,0
192.168.133.78,192.168.245.52,0.14386714285714283,0
192.168.133.78,192.168.255.215,0.12725857142857142,0.054935000000000005
192.168.133.78,192.168.172.183,0.010682222222222223,0
192.168.133.78,192.168.186.234,0.006168000000000001,0.009
192.168.133.78,192.168.255.200,0.040440000000000004,0.00281
192.168.133.78,192.168.62.221,0.08182,0.00061
192.168.133.78,192.168.1.130,0.012817777777777777,0
192.168.133.78,192.168.151.18,0.010876666666666666,0.10945
192.168.133.78,192.168.106.106,0.010992499999999999,0.00042
192.168.133.78,192.168.148.76,0.0045249999999999995,0
192.168.133.78,192.168.237.18,0.00704,0
192.168.133.78,192.168.9.89,0.02954833333333333,0.00065
192.168.133.78,192.168.102.230,0.004704444444444445,0
192.168.133.78,192.168.77.133,0.05961857142857143,0.012565
192.168.133.78,192.168.1.1,0.005999999999999999,0
192.168.133.78,192.168.148.203,0.02068,0
192.168.133.78,192.168.175.123,0.00042,0
192.168.133.78,192.168.94.39,0.040036249999999995,0.00044
192.168.133.78,192.168.42.124,0.010008888888888892,0
192.168.133.78,192.168.168.65,0.00705,0
192.168.133.78,192.168.239.247,0.13657,0
192.168.133.78,192.168.42.250,0.016164285714285714,0
192.168.133.78,192.168.195.179,0.023934999999999998,0
192.168.133.78,192.168.11.108,0.014865,0.015
192.168.133.78,192.168.7.228,0.02630142857142858,0
192.168.133.78,192.168.95.55,0.005948571428571428,0.00612
192.168.133.78,192.168.176.32,0.09243,0
192.168.133.78,192.168.94.124,0.01584333333333333,0.47037
192.168.133.78,192.168.22.73,0.006699999999999999,0.00612
192.168.133.78,192.168.101.85,0.00045,0
192.168.133.78,192.168.53.87,0.029274000000000005,0.015
192.168.133.78,192.168.24.212,0.00042,0
192.168.133.78,192.168.150.238,0,0.00613
192.168.133.78,192.168.55.111,0.021096666666666666,0.00042
192.168.133.78,192.168.41.101,0.006424999999999999,0
192.168.133.78,192.168.117.12,0.051345,0.00042
192.168.28.22,192.168.219.147,0.2462325,0.01501
192.168.28.22,192.168.175.123,0.027589999999999993,0.01596
192.168.28.22,192.168.150.238,0.028752,0
192.168.28.22,192.168.53.87,0.031563999999999995,0
192.168.28.22,192.168.62.221,0.034050000000000004,0.004645
192.168.28.22,192.168.24.212,0.004505,0
192.168.28.22,192.168.168.65,0.011389999999999999,0
192.168.28.22,192.168.1.130,0,0.00044
192.168.28.22,192.168.77.133,0.03918700000000001,0
192.168.28.22,192.168.245.52,0,0.015
192.168.28.22,192.168.115.132,0.00865,0
192.168.28.22,192.168.7.228,0.13319124999999998,0.015
192.168.28.22,192.168.239.247,0.01376,0.00887
192.168.28.22,192.168.221.98,0.01042857142857143,0.0004966666666666666
192.168.28.22,192.168.1.1,0.00649,0
192.168.28.22,192.168.106.106,0.02268,0
192.168.28.22,192.168.94.124,0.00817,0
192.168.28.22,192.168.9.89,0.006092222222222222,0.93793
192.168.28.22,192.168.237.41,0.00825857142857143,0.3129266666666667
192.168.28.22,192.168.186.234,0.005406666666666666,0.00042
192.168.28.22,192.168.176.32,0.21083249999999998,0
192.168.28.22,192.168.95.55,0.010787499999999998,0.00042
192.168.28.22,192.168.22.73,0.05452571428571429,0.00042
192.168.28.22,192.168.207.225,0.008749999999999999,0.00065
192.168.28.22,192.168.180.223,0.012056666666666667,0.00044
192.168.28.22,192.168.117.12,0.00934,0.015
192.168.106.106,192.168.148.76,0.020138,0.00042
192.168.106.106,192.168.255.215,0.3170233333333333,0
192.168.106.106,192.168.1.1,0.14673714285714284,0.01165
192.168.106.106,192.168.150.238,0.005647142857142856,0
192.168.106.106,192.168.207.225,0.20533875,0
192.168.106.106,192.168.102.230,0.012402857142857144,0.012
192.168.106.106,192.168.172.183,0.016659999999999998,0.00044
192.168.106.106,192.168.28.22,0.0456,0.47552
192.168.106.106,192.168.77.133,0.01946125,0.00042
192.168.106.106,192.168.41.101,0.16472,0.00771
192.168.106.106,192.168.42.124,0.027154285714285714,0.00042
192.168.106.106,192.168.219.147,0.005555714285714286,0.0004266666666666667
192.168.106.106,192.168.221.98,0.009011666666666666,0.00328
192.168.106.106,192.168.239.247,0.05584833333333333,0.02452
192.168.106.106,192.168.117.12,0.02208,0
192.168.106.106,192.168.53.87,0.055224999999999996,0
192.168.106.106,192.168.237.41,0.0041600000000000005,0.00043000000000000004
192.168.106.106,192.168.1.130,0,0.015
192.168.106.106,192.168.151.163,0.02942,0.00042
192.168.106.106,192.168.95.55,0.025706,0
192.168.106.106,192.168.91.236,0.00042,0.00044
192.168.106.106,192.168.62.221,0.0025266666666666666,0.00284
192.168.106.106,192.168.94.39,0.004815,0
192.168.106.106,192.168.7.228,0.00348,0
192.168.106.106,192.168.168.65,0.00766,0
192.168.106.106,192.168.244.49,0.096222,0
192.168.106.106,192.168.151.18,0.01119,0
192.168.106.106,192.168.237.18,0.00674,0
192.168.106.106,192.168.9.89,0.010304999999999998,0.00074
192.168.106.106,192.168.195.179,0.013596666666666665,0
192.168.106.106,192.168.22.73,0.00332,0
192.168.106.106,192.168.115.132,0.002964444444444445,0
192.168.106.106,192.168.19.155,0.025748,0
192.168.106.106,192.168.133.78,0.007181666666666666,0.00044
192.168.106.106,192.168.180.223,0.00112,0
192.168.106.106,192.168.175.123,0.035945,0
192.168.106.106,192.168.94.124,0.003985,0.00612
192.168.106.106,192.168.176.32,0.012895000000000002,0.004804999999999999
192.168.106.106,192.168.11.108,0.005685,0.015
192.168.106.106,192.168.186.234,0.13756857142857143,0
192.168.106.106,192.168.55.111,0.0030499999999999998,0.00042
192.168.106.106,192.168.148.203,0.015636,0
192.168.106.106,192.168.70.205,0.04745,0
192.168.106.106,192.168.255.200,0.0033,0
192.168.106.106,192.168.42.250,0.01943625,0
192.168.62.221,192.168.19.155,0.04948142857142857,0
192.168.62.221,192.168.101.85,0.2086375,0
192.168.62.221,192.168.244.49,0.01598,0
192.168.62.221,192.168.1.1,0.00052,0
192.168.62.221,192.168.180.223,0.05013000000000001,0
192.168.62.221,192.168.42.250,0.028232222222222214,0.00044
192.168.62.221,192.168.94.124,0.007682,0
192.168.62.221,192.168.151.18,0.14592375000000002,0.00042500000000000003
192.168.62.221,192.168.11.108,0.0178125,0
192.168.62.221,192.168.176.32,0.005043333333333334,0
192.168.62.221,192.168.22.73,0.068065,0
192.168.62.221,192.168.42.124,0.08025,0
192.168.62.221,192.168.24.212,0.024141250000000003,0
192.168.62.221,192.168.55.111,0.00769,0.00042
192.168.55.111,192.168.102.230,0.01982,0.00044
192.168.55.111,192.168.207.225,0.017362,0
192.168.55.111,192.168.41.101,0.012116666666666666,0
192.168.55.111,192.168.11.108,0.0052625,0.00044
192.168.55.111,192.168.9.89,0,0.01501
192.168.55.111,192.168.148.203,0.0025979999999999996,0
192.168.55.111,192.168.28.22,0.086065,0
192.168.55.111,192.168.115.132,0.00927,0
192.168.55.111,192.168.186.234,0.2617933333333333,0.00042
192.168.55.111,192.168.42.124,0.09187,0.00507
192.168.55.111,192.168.122.82,0.004373333333333332,0.00042
192.168.55.111,192.168.95.55,0.013265555555555555,0
192.168.55.111,192.168.94.124,0.00696,0
192.168.55.111,192.168.1.130,0.021875,0.00042
192.168.55.111,192.168.91.236,0.018512499999999998,0
192.168.55.111,192.168.7.228,0.006559999999999999,0.00043
192.168.55.111,192.168.70.205,0.07577999999999999,0
192.168.55.111,192.168.24.212,0.05481,0.00042
192.168.55.111,192.168.255.200,0.016826666666666667,0.006035
192.168.55.111,192.168.168.65,0.006412000000000001,0.00042
192.168.55.111,192.168.180.223,0.04018666666666667,0
192.168.55.111,192.168.237.18,0.014627142857142856,0.00042
192.168.55.111,192.168.151.163,0.10500625,0.00044
192.168.55.111,192.168.106.106,0.01131,0
192.168.55.111,192.168.117.12,0.0006,0
192.168.55.111,192.168.62.221,0.15565833333333334,0.00043
192.168.237.41,192.168.150.238,0.015505714285714286,0
192.168.237.41,192.168.42.250,0.02354111111111111,0
192.168.237.41,192.168.151.163,0.025405,0
192.168.237.41,192.168.1.1,0.0169575,0
192.168.237.41,192.168.24.212,0.0164,0
192.168.237.41,192.168.180.223,0.15655249999999998,0
192.168.237.41,192.168.244.49,0,0.00042
192.168.237.41,192.168.1.130,0.016520000000000003,0
192.168.237.41,192.168.175.123,0.000845,0
192.168.237.41,192.168.245.52,0.032575999999999994,0.00044
192.168.237.41,192.168.53.87,0,0.00042
192.168.237.41,192.168.239.247,0.0469375,0
192.168.237.41,192.168.95.55,0.02268,0
192.168.237.41,192.168.102.230,0.02014714285714286,0.01004
192.168.11.108,192.168.102.230,0.01854,0.01165
192.168.11.108,192.168.237.18,0.0030666666666666668,0
192.168.11.108,192.168.176.32,0.021400000000000002,0.00044
192.168.11.108,192.168.7.228,0.00522,0
192.168.11.108,192.168.180.223,0.04044428571428571,0
192.168.11.108,192.168.175.123,0.011556,0
192.168.11.108,192.168.172.183,0.007736,0
192.168.11.108,192.168.221.98,0.14303166666666664,0
192.168.11.108,192.168.151.18,0.30545,0
192.168.11.108,192.168.62.221,0.04076,0.00042
192.168.11.108,192.168.101.85,0.034283999999999995,0.00109
192.168.11.108,192.168.91.236,0.0035800000000000003,0.009
192.168.11.108,192.168.42.124,0.0019983333333333333,0.00061
192.168.11.108,192.168.219.147,0.11986500000000001,0
192.168.11.108,192.168.117.12,0.007352857142857143,0
192.168.11.108,192.168.42.250,0.006318749999999999,0.00042
192.168.11.108,192.168.186.234,0.015436249999999999,0.00043000000000000004
192.168.11.108,192.168.106.106,0.02764888888888889,0
192.168.11.108,192.168.148.203,0.11199333333333333,0
192.168.11.108,192.168.24.212,0.054790000000000005,0.00771
192.168.11.108,192.168.207.225,0.00174,0
192.168.11.108,192.168.1.1,0.0079,0
192.168.11.108,192.168.77.133,0.0041155555555555555,0
192.168.11.108,192.168.255.215,0.15469333333333332,0
192.168.11.108,192.168.1.130,0.16924666666666666,0.015
192.168.148.203,192.168.53.87,0.02037,0.00044
192.168.148.203,192.168.245.52,0.05508,0.00042
192.168.148.203,192.168.237.18,0.02701625,0
192.168.148.203,192.168.255.200,0.003453333333333333,0
192.168.148.203,192.168.117.12,0.27026,0
192.168.148.203,192.168.77.133,0.06665142857142857,0
192.168.148.203,192.168.1.1,0.025548333333333336,0
192.168.148.203,192.168.19.155,0.008742222222222222,0
192.168.148.203,192.168.28.22,0.027680000000000003,0
192.168.148.203,192.168.255.215,0.19756800000000002,0
192.168.7.228,192.168.207.225,0.01002111111111111,0
192.168.7.228,192.168.70.205,0.01408,0
192.168.7.228,192.168.176.32,0.016364999999999998,0
192.168.7.228,192.168.237.41,0.00505,0
192.168.7.228,192.168.95.55,0.0178,0.00042
192.168.7.228,192.168.219.147,0,0.10945
192.168.7.228,192.168.102.230,0.009898571428571428,0.10945
192.168.7.228,192.168.255.215,0.0248625,0.0004966666666666666
192.168.244.49,192.168.55.111,0.02714222222222222,0
192.168.244.49,192.168.122.82,0.0032849999999999997,0
192.168.244.49,192.168.245.52,0.008035,0.00327
192.168.244.49,192.168.42.124,0.023856666666666665,0
192.168.244.49,192.168.148.203,0.0064600000000000005,0.00042
192.168.244.49,192.168.207.225,0.006941428571428571,0.00042
192.168.244.49,192.168.22.73,0.007089999999999999,0
192.168.244.49,192.168.115.132,0.00882,0.015
192.168.244.49,192.168.150.238,0.00224,0.93793
192.168.244.49,192.168.101.85,0.0012,0
192.168.244.49,192.168.1.1,0.004601666666666666,0.015479999999999999
192.168.244.49,192.168.180.223,0.0065562500000000004,0.10945
192.168.244.49,192.168.221.98,0.25301875,0
192.168.244.49,192.168.106.106,0.009225,0.00042
192.168.244.49,192.168.1.130,0.007309999999999999,0.00507
192.168.244.49,192.168.117.12,0.0045899999999999995,0
192.168.244.49,192.168.237.41,0,0.00074
192.168.244.49,192.168.255.215,0.0595775,0.00117
192.168.244.49,192.168.219.147,0.00042,0
192.168.244.49,192.168.102.230,0.012209000000000001,0
192.168.244.49,192.168.24.212,0.016895555555555556,0
192.168.244.49,192.168.7.228,0.0112,0
192.168.244.49,192.168.237.18,0.20573000000000002,0.00042
192.168.244.49,192.168.94.39,0.006521428571428571,0.00043000000000000004
192.168.176.32,192.168.148.76,0.045315,0
192.168.176.32,192.168.244.49,0.11212888888888889,0.00042
192.168.176.32,192.168.168.65,0.002768333333333333,0
192.168.176.32,192.168.28.22,0.030932857142857144,0
192.168.176.32,192.168.148.203,0.014992,0
192.168.176.32,192.168.117.12,0.025955,0
192.168.176.32,192.168.237.18,0.00042,0.01811
192.168.176.32,192.168.239.247,0.010848888888888889,0
192.168.176.32,192.168.237.41,0.016270000000000003,0
192.168.176.32,192.168.151.18,0.12387714285714288,0.00042
192.168.176.32,192.168.55.111,0.005873333333333334,0.003243333333333333
192.168.176.32,192.168.106.106,0.11479624999999999,0.015
192.168.176.32,192.168.255.215,0.011026666666666666,0
192.168.176.32,192.168.94.124,0.09760857142857142,0.00044
192.168.176.32,192.168.102.230,0.0021,0.009
192.168.176.32,192.168.1.1,0.01127125,0
192.168.176.32,192.168.207.225,0.007423333333333333,0
